step,b_rem,rho_b,phi,beta,H_w,best_pass,best_cov,r_sys_ema,winner_agent
0,0,1.0,0.10536051565782628,5.015162278989618,0.6734234528123886,0.0,0.0,0.0,1
